id;unit;symbol;quantity
1;Mauritius Rupee Multi-layered;Re-engineered Vermon;Nauru array
2;deposit South Dakota Colombia;Product demand-drive;XSS back-end Interactions
3;Markets Producer;payment;1080p
4;niches;optimizing;Crescent
5;Cambridgeshire Investment Account;intermediate;Borders primary Awesome
6;generate Books;Vermont impactful;digital
7;Communications primary Texas;Assistant clicks-and;Grocery
8;24/7 bus;optical Specialist c;invoice AI
9;generating Refined Cotton Chicken;architecture;port
10;Representative Product;implement;Avon Fresh
